<!--
Copyright 2015 IBM Corp.

Licensed under the Apache License, Version 2.0 (the "License");
you may not use this file except in compliance with the License.
You may obtain a copy of the License at

http://www.apache.org/licenses/LICENSE-2.0

Unless required by applicable law or agreed to in writing, software
distributed under the License is distributed on an "AS IS" BASIS,
WITHOUT WARRANTIES OR CONDITIONS OF ANY KIND, either express or implied.
See the License for the specific language governing permissions and
limitations under the License.
-->
<?xml version="1.0" encoding="UTF-8"?>
<nativeAndroidApp xmlns="http://www.worklight.com/native-android-descriptor" id="AndroidWishList" platformVersion="7.1.0.00.20150531-0200" version="1.0">

	<displayName>AndroidWishList</displayName>
	<description>AndroidWishList</description>
	<publicSigningKey/>
	<packageName/>
	<accessTokenExpiration>10</accessTokenExpiration>
	<userIdentityRealms>cloudant</userIdentityRealms>
	<pushSender key="AIzaSyAflIqb7C1KbE2d6GQ4WEJ1jrKVeBY6vR4" senderId="460036607339"/>
	<tags>
		<tag>
            <name>wishlist</name>
        </tag>
		<tag>
            <name>nirvana</name>
        </tag>
	</tags>
	<!--
        Define the target category for generating ADRESSABLE DEVICE license reports
        Possible values are 'UNDEFINED', 'B2E', 'B2C'
     -->
    <targetCategory>UNDEFINED</targetCategory>

</nativeAndroidApp>
